"","range","weight","height","species","year","site"
"1",61.5864471640255,19.1349958174691,64.31,"A fictus","2011","1"
"2",64.1545902634974,13.5973768306686,28.23,"A fictus","2011","1"
"3",52.6755534472679,11.3592041748647,63.09,"A mendacium","2011","1"
"4",67.5398827212849,12.9202560903554,54.59,"A fictus","2011","1"
"5",55.8407635820444,10.9434611051165,71.81,"A fictus","2011","1"
"6",76.1289865950659,6.77853454410548,66.9,"A mendacium","2011","1"
"7",62.8312428428287,17.1261237655764,64.32,"A fictus","2011","1"
"8",62.9269116217404,12.2805938010029,48.13,"A fictus","2011","1"
"9",51.8480636867033,9.08769706867472,90.63,"A fictus","2011","1"
"10",56.1397593339906,17.2166860559869,43.41,"A fictus","2011","1"
"11",49.5449679907298,8.43553927174189,64.63,"A fictus","2011","1"
"12",57.63853597758,5.55635064913542,51.71,"A fictus","2011","1"
"13",66.7518707030773,8.63936277425701,63.07,"A mendacium","2011","1"
"14",59.7051245438631,7.86054744253655,50,"A mendacium","2011","1"
"15",66.4703806563562,3.66677823262567,69.42,"A mendacium","2011","1"
"16",49.9249131420302,5.5908587447409,55.63,"A fictus","2011","1"
"17",48.3708351389417,14.4357641110015,74.14,"A mendacium","2011","1"
"18",51.7845278821014,9.73033254534643,107.68,"A mendacium","2011","1"
"19",68.3525399558464,7.18046590732257,64.09,"A mendacium","2011","1"
"20",61.9005315431726,5.58303272472537,83.44,"A fictus","2011","1"
"21",52.8270369796774,11.8055191552974,81.63,"A fictus","2012","1"
"22",57.1644146010708,14.0565092932889,55.11,"A fictus","2012","1"
"23",54.2787136795575,5.88916826650873,76.48,"A fictus","2012","1"
"24",74.6047999133242,1.80423890550924,64.86,"A mendacium","2012","1"
"25",56.8386966462312,12.2855432492415,66.64,"A fictus","2012","1"
"26",69.9154228400641,4.56376197642784,63.15,"A mendacium","2012","1"
"27",62.8296868301507,11.4715887743264,51.11,"A fictus","2012","1"
"28",56.1359188228769,15.1205734268844,92.13,"A mendacium","2012","1"
"29",69.8465971435322,12.3764558758913,72.52,"A mendacium","2012","1"
"30",58.8099161570763,14.5302921552605,48.4,"A fictus","2012","1"
"31",52.0806300658986,4.99865067480183,83.05,"A fictus","2012","1"
"32",62.475693717437,6.17762703764345,80.3,"A mendacium","2012","1"
"33",62.894713285041,10.8515611348648,55.94,"A fictus","2012","1"
"34",64.5129472878784,12.2406993121741,47.5,"A fictus","2012","1"
"35",62.2180929361312,12.0496589093074,73.28,"A mendacium","2012","1"
"36",63.2124352806387,8.37107214141324,72.9,"A mendacium","2012","1"
"37",56.8681989805648,10.3405919595123,90.49,"A mendacium","2012","1"
"38",58.6226265087441,7.02292757641942,100.44,"A mendacium","2012","1"
"39",53.3924792072263,10.4568037222158,62.78,"A fictus","2012","1"
"40",52.422829311382,-0.762498398507562,59.22,"A fictus","2012","1"
"41",63.2219093338157,17.4010540053076,60.22,"A fictus","2013","1"
"42",63.1540822785374,13.1675868184936,71.07,"A mendacium","2013","1"
"43",65.1181843874677,9.02167170311748,60.18,"A mendacium","2013","1"
"44",52.2946600914819,15.703672869594,58.69,"A fictus","2013","1"
"45",61.6544517156795,7.42177537987605,57.17,"A mendacium","2013","1"
"46",68.0720637216587,6.2631092350877,43.98,"A mendacium","2013","1"
"47",56.9254644528621,9.17918083966125,79.99,"A fictus","2013","1"
"48",60.7480578938708,8.25348695537142,78.07,"A mendacium","2013","1"
"49",54.2702791406381,10.6215865994155,58.92,"A fictus","2013","1"
"50",63.8485759080774,9.72476679205611,53.92,"A fictus","2013","1"
"51",57.8954106334695,5.11425166293549,67.61,"A fictus","2013","1"
"52",55.8267677089219,11.6250424273778,84.69,"A mendacium","2013","1"
"53",60.6305493749913,10.8644852320847,79.79,"A mendacium","2013","1"
"54",50.31818048505,25.0579835160864,59.71,"A mendacium","2013","1"
"55",58.2466973200666,7.38789416199225,74.88,"A fictus","2013","1"
"56",62.8571600047624,10.1082773996869,49.49,"A fictus","2013","1"
"57",49.3640243255017,11.107128739142,59.27,"A fictus","2014","1"
"58",72.9963367700835,8.25186115425807,76.5,"A mendacium","2014","1"
"59",56.4150060497144,14.2649786502623,72.87,"A fictus","2014","1"
"60",67.6248201868035,3.86867977478975,81.33,"A fictus","2014","1"
"61",52.5003227223021,8.68484050584178,63.31,"A mendacium","2014","1"
"62",63.7807830509498,6.77343699844438,4.3,"A mendacium","2014","1"
"63",46.0743692965335,9.98260029130695,51.89,"A mendacium","2014","1"
"64",64.2884347782572,11.9626109950009,87.72,"A mendacium","2014","1"
"65",49.2904556383778,9.29043388623648,96.22,"A mendacium","2014","1"
"66",65.6045543399862,8.24237261172077,72.75,"A fictus","2014","1"
"67",65.1861832874167,7.07768139716037,77.32,"A fictus","2014","1"
"68",57.9251387195131,12.9465043595229,88.3,"A mendacium","2014","1"
"69",57.6984446046266,8.2116898978379,54.81,"A fictus","2014","1"
"70",62.0096935826868,15.5752052516655,60.81,"A mendacium","2014","1"
"71",63.1440845395074,11.4126536633183,65.44,"A mendacium","2014","1"
"72",64.8411234863017,17.4755694332204,88.41,"A fictus","2014","1"
"73",66.704748790073,9.20732209786419,59.21,"A fictus","2014","1"
"74",62.9253231151753,4.47838494095823,78.8,"A mendacium","2014","1"
"75",57.8512401176417,17.3792798620875,76.04,"A fictus","2014","1"
"76",73.2697282013268,8.44976208151714,76.81,"A mendacium","2014","1"
"77",53.4468717367415,13.4345235040794,34.65,"A mendacium","2014","1"
"78",72.227461609897,3.11637257293124,88.75,"A mendacium","2015","1"
"79",57.0027633122687,9.09056653443138,67.87,"A mendacium","2015","1"
"80",51.7115488214334,14.2784393789903,61.98,"A mendacium","2015","1"
"81",45.5915833543458,12.7856394248779,105.7,"A mendacium","2015","1"
"82",58.2670953885804,11.0667979293941,75.39,"A mendacium","2015","1"
"83",63.322944454037,9.43478389587323,62.63,"A fictus","2015","1"
"84",60.6254388932934,8.71898123950908,98.53,"A fictus","2015","1"
"85",63.5451013183143,11.4666346830787,100.97,"A fictus","2015","1"
"86",43.3408358343653,8.40814617640568,78.16,"A fictus","2015","1"
"87",50.1295436223301,19.1114059839635,34.32,"A mendacium","2015","1"
"88",63.3543005015704,15.1176646684621,45.32,"A mendacium","2015","1"
"89",59.1968455176386,7.04077719763801,76.71,"A fictus","2015","1"
"90",47.2278797823962,5.43667084414446,62.4,"A mendacium","2015","1"
"91",65.4776348086784,9.49096752828427,75.64,"A fictus","2015","1"
"92",54.2932492939587,7.7204838865857,87.49,"A fictus","2015","1"
"93",61.6798597882375,7.44978492359682,70.66,"A fictus","2015","1"
"94",69.1238574702396,9.66242310439688,65.71,"A mendacium","2016","1"
"95",57.4211231052179,11.3490801485,33.39,"A fictus","2016","1"
"96",62.6747312908587,6.60937564035049,64.3,"A fictus","2016","1"
"97",60.9806331580279,9.05888465885259,106.38,"A fictus","2016","1"
"98",55.6353366215743,5.60998921441199,50.97,"A mendacium","2016","1"
"99",58.0314090931741,12.1608942305805,72.75,"A fictus","2016","1"
"100",63.8218552842008,6.78057323248936,36.58,"A mendacium","2016","1"
"101",56.726970695706,16.5699568321623,48.25,"A fictus","2016","1"
"102",61.6484740473035,13.5583854909679,73.7,"A fictus","2016","1"
"103",68.1563553547831,-1.20040825651651,93.19,"A mendacium","2016","1"
"104",67.8440085437279,7.23831438630466,69.76,"A fictus","2016","1"
"105",57.8718105020457,18.339880465935,85.48,"A mendacium","2016","1"
"106",56.1894862341483,11.402512220819,80.29,"A fictus","2016","1"
"107",59.3331686435655,13.2233462758394,106.8,"A fictus","2016","1"
"108",74.7258354183599,-2.08540658755125,70.01,"A mendacium","2016","1"
"109",61.3052850135029,16.2200896414252,61.83,"A fictus","2016","1"
"110",70.3614895668798,9.90930569530649,90.43,"A fictus","2016","1"
"111",68.5746980655448,7.56957268654196,106.55,"A fictus","2017","1"
"112",60.8646209240548,7.14358999140156,72.12,"A mendacium","2017","1"
"113",64.5522864760858,12.0155747302175,99.46,"A mendacium","2017","1"
"114",60.4207077240476,11.5677168619795,79.27,"A fictus","2017","1"
"115",64.0686262934799,15.0439853715433,74.89,"A fictus","2017","1"
"116",68.8038491438681,-1.894260693452,98.89,"A fictus","2017","1"
"117",61.6679062839876,13.206999916641,76.61,"A fictus","2017","1"
"118",63.3110030678046,4.34669488041922,64.73,"A fictus","2017","1"
"119",50.7224489684057,10.2860491469954,72.59,"A fictus","2017","1"
"120",60.7801970264988,13.3419654354692,21.16,"A fictus","2017","1"
"121",65.5915040255325,9.21519123248728,67.78,"A mendacium","2017","1"
"122",63.4279484589125,12.2571349965196,71.11,"A fictus","2017","1"
"123",59.891987019823,14.9385877946849,60.31,"A mendacium","2017","1"
"124",61.6968119472817,11.9260910526317,58.81,"A fictus","2017","1"
"125",58.1133983866162,10.1906956890217,74.96,"A mendacium","2017","1"
"126",71.0207060125126,10.7072985466519,39.17,"A mendacium","2017","1"
"127",67.8305055430881,9.84674621686516,108.26,"A mendacium","2017","1"
"128",57.3424255596794,10.7079464693167,50.56,"A fictus","2017","1"
"129",55.0238945547441,6.08105281601482,53.91,"A mendacium","2017","1"
"130",51.4742274535583,12.2146786646378,57,"A mendacium","2017","1"
"131",67.1369144593046,7.46953779384453,89.66,"A mendacium","2017","1"
"132",65.2212012564597,3.13998087916387,91.37,"A mendacium","2018","1"
"133",59.2871422047369,3.57668890437984,82.33,"A fictus","2018","1"
"134",57.8391615412945,6.11709289529012,72.72,"A mendacium","2018","1"
"135",66.9357628583185,16.7611162462993,41.39,"A fictus","2018","1"
"136",53.2953859162275,12.6607382672732,46.87,"A mendacium","2018","1"
"137",60.1199297332754,18.4657899249692,72.52,"A mendacium","2018","1"
"138",75.4418247484142,5.47136456130141,91.37,"A mendacium","2018","1"
"139",66.4300863361447,11.1182104333894,67.82,"A fictus","2018","1"
"140",59.4342810438866,13.860986382173,96.35,"A fictus","2018","1"
"141",72.4474985310785,13.1745974334019,60.56,"A mendacium","2018","1"
"142",61.4404896162105,9.20078312972059,84.89,"A fictus","2018","1"
"143",58.7003975079484,12.435404563005,61.76,"A fictus","2018","1"
"144",52.9686519082236,16.227577039467,43.39,"A mendacium","2018","1"
"145",75.2548289466528,5.02862569605153,42.12,"A mendacium","2018","1"
"146",67.1571036485544,10.9596031857008,78.6,"A mendacium","2018","1"
"147",57.9878409479022,10.4951252506542,56.23,"A mendacium","2018","1"
"148",47.0117441985247,9.71649016970885,73.4,"A mendacium","2018","1"
"149",55.4794047582317,10.9466827949436,59.57,"A mendacium","2018","1"
"150",69.2083515804009,12.2286964117391,42.65,"A mendacium","2019","1"
"151",66.7037005729633,5.48679150305747,46.91,"A fictus","2019","1"
"152",64.5668002252468,8.43794430675069,86.09,"A mendacium","2019","1"
"153",65.5703452419754,6.43787951779667,58.79,"A mendacium","2019","1"
"154",58.1141734516598,7.18711928540208,65.13,"A fictus","2019","1"
"155",73.6210525765272,9.51079586344784,82.74,"A mendacium","2019","1"
"156",62.1962591489743,12.560263160127,79.07,"A mendacium","2019","1"
"157",52.6704813477788,5.75248436213962,86.56,"A fictus","2019","1"
"158",59.4684125499381,7.56077591477882,51.48,"A fictus","2019","1"
"159",57.4674685528778,10.4185863603153,60.31,"A mendacium","2019","1"
"160",60.6355482186706,11.2743805619549,73.75,"A fictus","2019","1"
"161",58.4671820384774,9.17464642234029,51.88,"A mendacium","2019","1"
"162",57.4516739877702,15.8639271775404,71.93,"A fictus","2019","1"
"163",72.5447802554214,1.3821060787816,32.37,"A mendacium","2019","1"
"164",47.5353820729754,14.0626231552527,86.5,"A fictus","2019","1"
"165",58.7301764855778,9.33479774640517,56.68,"A mendacium","2019","1"
"166",63.7241321757697,15.2942457968044,36.56,"A mendacium","2019","1"
"167",58.9207407722913,11.4850404822976,58.83,"A mendacium","2019","1"
"168",60.0265120206669,8.72841812707343,87.32,"A fictus","2019","1"
"169",63.7322103844033,9.52867837295642,58.96,"A fictus","2019","1"
"170",58.8065833455496,10.8497253984611,104.95,"A mendacium","2019","1"
"171",57.0550703461457,6.68269686518698,86.84,"A mendacium","2020","1"
"172",62.3320344434387,14.0325554411117,66.59,"A fictus","2020","1"
"173",66.3368645472866,6.29581415449333,52.7,"A fictus","2020","1"
"174",60.9059813860144,12.1179364368688,55.97,"A fictus","2020","1"
"175",67.841990220304,9.50754087509791,39.94,"A mendacium","2020","1"
"176",67.7429391612688,12.9411090317503,88.17,"A mendacium","2020","1"
"177",62.8259498845205,7.60792579995468,66.97,"A mendacium","2020","1"
"178",57.2316448213248,9.05748922572772,60.19,"A mendacium","2020","1"
"179",65.1253094987454,7.01625208199576,31.82,"A mendacium","2020","1"
"180",56.9810942592955,18.9655163579532,76.26,"A fictus","2020","1"
"181",59.3897180346951,5.67514514704418,62.57,"A fictus","2020","1"
"182",56.7719220064914,8.94657633448473,79.11,"A fictus","2020","1"
"183",62.0406945816731,7.57162879222133,72.25,"A fictus","2020","1"
"184",53.3616254788259,14.1770623716985,103.77,"A mendacium","2020","1"
"185",56.9238117686492,18.1315549455804,33.41,"A fictus","2020","1"
"186",57.9314462552122,14.42618653315,85.45,"A fictus","2020","1"
"187",59.7276030623486,16.7593897193305,48.38,"A fictus","2020","1"
"188",59.1125755118617,18.5188491564602,77.75,"A mendacium","2020","1"
"189",64.5694638025673,13.8738349869968,91.06,"A fictus","2020","1"
"190",57.8164817565507,5.81729549266684,38.37,"A fictus","2020","1"
"191",57.0410079780205,7.02858755654862,55.74,"A fictus","2020","1"
"192",52.3441984217621,11.1644588112235,59.54,"A mendacium","2020","1"
"193",66.0520396579131,10.5091547781597,57.03,"A mendacium","2020","1"
"194",61.464843685856,11.458835174574,62.99,"A mendacium","2020","1"
"195",53.7607261746555,11.5762590590841,61.41,"A fictus","2020","1"
"196",59.3933086351744,14.4604825498767,93.55,"A mendacium","2020","1"
"197",61.8583438576867,10.3745030749886,68.52,"A mendacium","2020","1"
"198",65.2830240869089,13.0720035171815,47.04,"A fictus","2020","1"
"199",50.6925453062317,15.8637962418421,75.32,"A mendacium","2020","1"
"200",64.4123574996144,10.8697277847918,113.11,"A mendacium","2020","1"
"201",52.9101481237841,18.0529702837514,73.01,"A fictus","2011","2"
"202",64.9071064950845,24.5789829841621,82.97,"A fictus","2011","2"
"203",63.8827398690548,20.7218632487414,103.56,"A mendacium","2011","2"
"204",70.7017656463566,20.5120010457222,78.97,"A mendacium","2011","2"
"205",51.97522153246,18.1714529096435,89.07,"A fictus","2011","2"
"206",63.9410828848941,22.0932504636171,52.24,"A fictus","2011","2"
"207",66.8558219505246,23.7770779319043,57.22,"A mendacium","2011","2"
"208",65.3703540181544,22.2120215997579,71.41,"A mendacium","2011","2"
"209",60.6972582776607,29.4104166699514,78.05,"A fictus","2011","2"
"210",52.8104619841346,18.6893912506968,29.48,"A fictus","2011","2"
"211",61.2440760023061,22.3923302749011,73.33,"A fictus","2011","2"
"212",59.7229834327591,19.2425810073776,75.49,"A fictus","2011","2"
"213",57.1234413002174,19.0379320372494,66.9,"A fictus","2011","2"
"214",53.6052432540863,17.5071794218628,94.35,"A mendacium","2011","2"
"215",58.2601486819654,21.8266136303435,63.86,"A mendacium","2011","2"
"216",68.6982316607938,21.8044694293609,82.19,"A mendacium","2011","2"
"217",57.9328729572406,26.7139455441571,96.76,"A mendacium","2011","2"
"218",67.5169274028152,27.2207868163146,56.59,"A fictus","2011","2"
"219",51.7469073681421,18.6106536783195,17.2,"A fictus","2012","2"
"220",60.1131634153848,21.8215033745724,113.73,"A mendacium","2012","2"
"221",68.6859596538219,14.3791759689542,85.75,"A fictus","2012","2"
"222",71.098369937226,20.7121370762814,94.17,"A mendacium","2012","2"
"223",69.0804091279864,18.0263003711359,42.91,"A fictus","2012","2"
"224",71.3814371593911,16.9982056298224,82.61,"A mendacium","2012","2"
"225",58.1928509313357,21.2092880479825,72.84,"A fictus","2012","2"
"226",58.3839932339599,26.5551616796339,44.35,"A fictus","2012","2"
"227",69.0710025000754,17.2200184116152,24.51,"A fictus","2012","2"
"228",69.1353411951923,15.4905387867451,46.02,"A fictus","2012","2"
"229",65.3425358436373,17.6832734867281,80.11,"A fictus","2012","2"
"230",57.7261514815423,18.5223567340009,60.41,"A fictus","2012","2"
"231",60.1578918360806,23.6531596919657,62.03,"A fictus","2012","2"
"232",61.0533620389126,17.2155013315516,51.87,"A fictus","2012","2"
"233",66.6535979048282,19.5803325792965,61.99,"A mendacium","2012","2"
"234",58.1385749229777,22.8632869095087,52.44,"A fictus","2012","2"
"235",59.3802061483501,20.4183453431965,86.52,"A fictus","2012","2"
"236",67.9541687869277,26.2359729501176,65.33,"A fictus","2012","2"
"237",64.4112922630191,25.6633004112642,67.57,"A fictus","2012","2"
"238",58.8515633765703,26.6892211906712,85.07,"A fictus","2012","2"
"239",62.7531800388757,19.5721284479793,67.8,"A mendacium","2012","2"
"240",60.8805462609503,18.6404781133484,40.14,"A fictus","2012","2"
"241",56.4964790499605,20.6172408499272,81.33,"A mendacium","2013","2"
"242",73.2518224427136,18.3020483851191,56.42,"A mendacium","2013","2"
"243",73.2324332981334,10.98465981799,55.4,"A mendacium","2013","2"
"244",68.4695541208377,18.2901676266005,101.07,"A fictus","2013","2"
"245",64.0018355470562,24.2704001974818,48.99,"A mendacium","2013","2"
"246",53.1785121633859,24.7040287679109,64.63,"A mendacium","2013","2"
"247",56.5424767763648,21.4829501651912,66.98,"A mendacium","2013","2"
"248",59.1430223194274,18.4016780197305,71.62,"A mendacium","2013","2"
"249",66.9401274162935,24.3481122062605,66.85,"A mendacium","2013","2"
"250",61.7374983031257,15.3578666751441,66.6,"A fictus","2013","2"
"251",71.4889874078152,13.0111920884531,62.45,"A mendacium","2013","2"
"252",63.6527763329638,17.1888271474389,60.7,"A fictus","2013","2"
"253",69.0326210123453,19.2982074070156,50.66,"A mendacium","2013","2"
"254",58.9366294580969,23.8887046057844,62.33,"A mendacium","2013","2"
"255",65.3459970265881,20.0840452867721,41.09,"A mendacium","2013","2"
"256",70.932325602064,17.2163137810876,45.74,"A mendacium","2013","2"
"257",55.7786323323393,22.5302872637986,61.69,"A fictus","2013","2"
"258",77.7016129792793,15.8180244778917,60.74,"A mendacium","2013","2"
"259",52.490037990272,12.6067423022101,68.59,"A fictus","2013","2"
"260",56.8646243826201,20.1367317559811,78.25,"A mendacium","2013","2"
"261",71.4139858322407,13.2727817842212,79.94,"A mendacium","2013","2"
"262",62.8564523687387,13.4139845119529,61.12,"A mendacium","2013","2"
"263",64.1271928378806,26.0341449022088,78.24,"A fictus","2013","2"
"264",62.1846000226063,18.4526560442976,26.78,"A mendacium","2013","2"
"265",65.0962451630643,24.7270446050518,72.9,"A mendacium","2013","2"
"266",70.4573601138983,19.6696373213187,52.94,"A mendacium","2013","2"
"267",52.4878277808983,19.7056783688841,141.83,"A fictus","2013","2"
"268",66.5846139367957,13.7712985115171,106.07,"A mendacium","2014","2"
"269",60.2589351031485,22.4540814867818,73.34,"A mendacium","2014","2"
"270",66.2288571525629,19.805382916273,51.2,"A fictus","2014","2"
"271",63.499762470347,13.7089982437464,42.51,"A fictus","2014","2"
"272",63.0329837885635,19.5460739459212,85.61,"A mendacium","2014","2"
"273",61.737045087407,16.6352557584893,76.72,"A fictus","2014","2"
"274",66.4174036916895,17.1290922937069,61.48,"A mendacium","2014","2"
"275",52.3225443934822,24.7253893410525,104.04,"A mendacium","2014","2"
"276",60.1710448254906,18.6996695135474,93.27,"A mendacium","2014","2"
"277",72.1612420132252,13.8152405392185,60.22,"A mendacium","2014","2"
"278",71.2902372128795,17.2189878312494,62.92,"A mendacium","2014","2"
"279",62.5853233291666,23.3895870292537,69.6,"A mendacium","2014","2"
"280",65.8092138682524,21.2472641740839,90.42,"A mendacium","2014","2"
"281",53.4105272743021,27.6568032184794,86.55,"A mendacium","2014","2"
"282",60.5956885530224,17.7695356167729,87.4,"A mendacium","2014","2"
"283",59.5918861158627,22.9736661487354,78.41,"A fictus","2014","2"
"284",58.6801844204165,12.1329355036507,54.52,"A fictus","2014","2"
"285",48.1333446683091,12.9593570382231,30.99,"A fictus","2014","2"
"286",59.0410827209912,18.948784981582,71.77,"A fictus","2014","2"
"287",52.0634965579329,18.26378199378,48.36,"A fictus","2014","2"
"288",61.6482764292914,20.1864156736863,90.89,"A fictus","2015","2"
"289",68.436631028908,17.5081938639813,59.28,"A mendacium","2015","2"
"290",64.5778651541009,21.7016875773744,19.84,"A mendacium","2015","2"
"291",64.461753735441,20.3691178690252,82.15,"A mendacium","2015","2"
"292",60.8930641032975,19.475547394414,59.67,"A fictus","2015","2"
"293",58.7253905096061,22.2770255328504,94.13,"A fictus","2015","2"
"294",59.7545875461457,17.72498514257,62.83,"A fictus","2015","2"
"295",60.9695459501298,20.8605482975202,43.44,"A mendacium","2015","2"
"296",70.0694544921545,22.470038077711,49.41,"A mendacium","2015","2"
"297",68.9576889945789,19.2196933738651,45.2,"A mendacium","2015","2"
"298",58.7206720988674,18.5297127129602,31.05,"A fictus","2015","2"
"299",72.0145502645919,23.6599535077181,53.97,"A fictus","2015","2"
"300",57.862918546874,16.922897033035,85.78,"A fictus","2015","2"
"301",66.7973277630245,23.5954701810521,111.7,"A mendacium","2015","2"
"302",62.0840750793055,13.7126964095067,59.9,"A fictus","2015","2"
"303",65.8751077414699,19.801538556361,67.28,"A mendacium","2015","2"
"304",62.5774174134772,19.3378645063858,70.97,"A mendacium","2015","2"
"305",59.3838697031259,21.4225364571445,88.36,"A fictus","2015","2"
"306",61.2046427728542,20.6669845794191,96.19,"A fictus","2015","2"
"307",81.3204766977969,12.6654897942884,76.19,"A mendacium","2015","2"
"308",63.469785854108,22.893910902748,74.23,"A fictus","2015","2"
"309",76.6751682307677,18.0729917865875,63.33,"A fictus","2015","2"
"310",59.3755750816183,15.0591473629572,67.6,"A fictus","2015","2"
"311",60.3963267000337,15.5927381972827,111.22,"A mendacium","2016","2"
"312",74.0358672387382,17.5065291491573,39.89,"A mendacium","2016","2"
"313",70.0980208693826,13.2011370333618,54.95,"A fictus","2016","2"
"314",69.8067146155676,20.0904836335797,53.11,"A mendacium","2016","2"
"315",77.5401381098532,15.1735748397023,89.11,"A mendacium","2016","2"
"316",67.9690932829613,19.6598444924097,77.16,"A mendacium","2016","2"
"317",52.4405371476689,21.8165378667991,83.43,"A fictus","2016","2"
"318",65.7079202860619,11.8461060940976,85.83,"A mendacium","2016","2"
"319",66.3027892693175,19.4668338353852,44.55,"A mendacium","2016","2"
"320",63.2698287855817,23.4827961129873,29.07,"A mendacium","2016","2"
"321",60.2834165668785,17.1486667898927,82.22,"A mendacium","2016","2"
"322",58.9028488779662,18.1281535356945,48.31,"A mendacium","2016","2"
"323",56.1623228740932,17.396353471918,68.27,"A mendacium","2016","2"
"324",56.906732669932,24.6477887185674,113.54,"A fictus","2016","2"
"325",63.4843935842739,23.7117864515263,77.27,"A mendacium","2016","2"
"326",72.0212051188959,17.1012742766039,99.76,"A mendacium","2016","2"
"327",64.7933410067008,23.2053138075169,52.56,"A fictus","2016","2"
"328",75.4156085676317,19.9482720739057,30.95,"A mendacium","2016","2"
"329",55.9805425268008,20.8085683562703,37.06,"A mendacium","2017","2"
"330",52.110346390691,16.1671559041886,56.36,"A fictus","2017","2"
"331",66.8076423531878,14.5490383846863,78.19,"A mendacium","2017","2"
"332",60.0623747941702,22.5299879592645,100.86,"A mendacium","2017","2"
"333",63.4840035531851,21.0840573084312,124.54,"A mendacium","2017","2"
"334",61.2430204497615,19.2184831135451,28.23,"A mendacium","2017","2"
"335",60.1303454710173,21.7934020112253,76.7,"A fictus","2017","2"
"336",70.5991458062734,19.3608670774326,80.37,"A mendacium","2017","2"
"337",71.6955426076952,16.4416841161716,72.11,"A fictus","2017","2"
"338",63.0671773717962,18.9264922783387,71.7,"A mendacium","2017","2"
"339",69.8933204267812,18.4682123299213,85.18,"A mendacium","2017","2"
"340",64.2248740606387,13.4992275317398,69.79,"A mendacium","2017","2"
"341",64.3507683118782,19.5998271919726,96.43,"A fictus","2017","2"
"342",72.1059984026727,22.1634853788931,100.7,"A fictus","2017","2"
"343",68.8564779688423,13.8965201930091,73.91,"A mendacium","2017","2"
"344",53.6630361870484,12.4584530607209,40.39,"A fictus","2017","2"
"345",84.5368034412661,19.2041236207285,35.59,"A mendacium","2017","2"
"346",62.5149678182368,18.1193174992704,89.47,"A mendacium","2017","2"
"347",57.1616336820883,19.3317597316429,100.39,"A fictus","2017","2"
"348",59.2988742461837,20.4985545834041,73.87,"A fictus","2017","2"
"349",57.3557272337079,25.7885775599719,77.27,"A fictus","2017","2"
"350",67.9327774343834,25.5541100187855,66.11,"A mendacium","2018","2"
"351",69.8853351023267,13.9209420733782,36.68,"A mendacium","2018","2"
"352",54.8012855216428,9.90050058797854,44.88,"A fictus","2018","2"
"353",51.667244486943,21.8896712729609,43.9,"A fictus","2018","2"
"354",65.8575444459103,24.4411364739984,46.75,"A mendacium","2018","2"
"355",67.2322917441841,22.4225062545469,85.83,"A mendacium","2018","2"
"356",57.5908465939767,21.3494030868007,76.83,"A fictus","2018","2"
"357",56.7654414687279,17.8436836936241,65.22,"A fictus","2018","2"
"358",70.1475615627278,15.4919933672588,71.5,"A mendacium","2018","2"
"359",48.4018835923866,16.6784687367482,46.47,"A fictus","2018","2"
"360",59.4649915717156,28.9960449600025,46.72,"A fictus","2018","2"
"361",61.9953779838703,20.7957828363262,98.59,"A fictus","2018","2"
"362",56.7014295687467,21.1292204041656,97.67,"A fictus","2018","2"
"363",61.1973890209097,24.6129907527585,52.23,"A fictus","2018","2"
"364",60.0362260718826,18.578877381984,62.08,"A fictus","2018","2"
"365",58.3794883057098,21.538056814707,70.15,"A fictus","2018","2"
"366",74.0302646158715,15.1469485465812,59.88,"A mendacium","2018","2"
"367",65.2459038202483,21.2190872829599,83.73,"A fictus","2018","2"
"368",55.7393385879295,19.9562897473446,64.82,"A mendacium","2019","2"
"369",49.3009133563458,16.210493064573,46.23,"A fictus","2019","2"
"370",64.6430473288097,9.44955112065505,59.01,"A fictus","2019","2"
"371",62.040743160504,19.294693952355,55.89,"A fictus","2019","2"
"372",55.1747002149931,16.8307535350458,69.34,"A fictus","2019","2"
"373",59.2095259122122,19.0857943489462,107.84,"A mendacium","2019","2"
"374",61.3028461735568,14.809521094096,82.45,"A mendacium","2019","2"
"375",66.8109758426754,20.2943403693912,89.92,"A mendacium","2019","2"
"376",55.2566549018829,25.5521077257372,80.3,"A fictus","2019","2"
"377",52.4298729241586,21.4568972017866,92.81,"A fictus","2019","2"
"378",62.8164719619782,20.3933378529983,51.13,"A fictus","2019","2"
"379",67.4715316155581,14.8194348871347,67.22,"A mendacium","2019","2"
"380",58.5763652485259,24.1746927087175,76.74,"A mendacium","2019","2"
"381",69.9961807310784,13.7828259687243,96.56,"A fictus","2019","2"
"382",55.2224273021141,13.6208239053035,88.19,"A fictus","2019","2"
"383",67.7501614807645,18.2473439248483,78.56,"A fictus","2019","2"
"384",70.3412353237919,24.5331500635647,63.25,"A fictus","2020","2"
"385",56.4580360259437,18.6558362963223,57,"A fictus","2020","2"
"386",66.9858073982673,17.512565325023,69.56,"A fictus","2020","2"
"387",66.6603010007283,12.8009827308265,65.36,"A fictus","2020","2"
"388",52.9919265758167,21.0165270609338,87.24,"A fictus","2020","2"
"389",48.0238773570538,27.6563800921768,78.46,"A fictus","2020","2"
"390",60.580858522954,22.1902991061589,75.76,"A fictus","2020","2"
"391",73.0183440066189,19.3063146602664,70.12,"A mendacium","2020","2"
"392",68.9434675570736,15.5662701631712,86.32,"A mendacium","2020","2"
"393",66.8292643737985,8.7395871217794,73.07,"A mendacium","2020","2"
"394",63.6214074364427,18.5937605429658,67.13,"A fictus","2020","2"
"395",63.3695102471294,22.5427802611119,62.37,"A mendacium","2020","2"
"396",59.944459912849,15.576570363605,69.52,"A fictus","2020","2"
"397",56.2788132377121,20.2734884208975,62.36,"A mendacium","2020","2"
"398",64.489340916159,14.8023474155675,70.5,"A mendacium","2020","2"
"399",60.2605792565756,18.4121481021001,66.28,"A mendacium","2020","2"
"400",72.4149842956946,28.8194098774095,39.3,"A mendacium","2011","3"
"401",51.5856321261234,31.718676563006,50,"A fictus","2011","3"
"402",60.1596196549301,32.4186208936072,63.86,"A mendacium","2011","3"
"403",65.0037000991777,31.59714985024,91.59,"A mendacium","2011","3"
"404",70.0443208004311,27.1465082530275,95.78,"A mendacium","2011","3"
"405",51.3233225465189,35.635030034042,46.12,"A mendacium","2011","3"
"406",62.9734567205251,29.0311047593845,94.1,"A fictus","2011","3"
"407",56.453861362352,30.9443154572333,84.57,"A fictus","2011","3"
"408",63.3116405000328,29.2701865745422,94.43,"A mendacium","2011","3"
"409",46.7259548602319,27.4830803498411,79.44,"A fictus","2011","3"
"410",64.3704376362238,35.2960817268191,67.13,"A mendacium","2011","3"
"411",59.9612821974567,31.1080342028505,62.9,"A fictus","2011","3"
"412",66.322246855208,37.1083711567406,99.38,"A fictus","2011","3"
"413",57.6616757084975,27.2617099549552,36.54,"A fictus","2011","3"
"414",60.6834180468299,33.8248190420953,94.81,"A fictus","2011","3"
"415",55.6358429242328,30.2210240364793,74.94,"A mendacium","2011","3"
"416",68.5233857539101,31.9425179507606,59.3,"A mendacium","2011","3"
"417",51.0123461735579,25.9216156945664,42.17,"A fictus","2011","3"
"418",67.5554245644988,32.6656724302058,71.5,"A mendacium","2011","3"
"419",55.008753015991,29.8904948460044,34.39,"A mendacium","2012","3"
"420",56.9738923992803,30.8110753051786,27.65,"A mendacium","2012","3"
"421",68.2673519898458,31.6097277514558,69.69,"A mendacium","2012","3"
"422",59.2090583822929,27.1860465403974,59.63,"A fictus","2012","3"
"423",67.1547473872023,29.1311246908664,75.76,"A mendacium","2012","3"
"424",68.8247829653345,27.2292122280586,49.3,"A mendacium","2012","3"
"425",64.3113540635048,28.0465730127618,85.83,"A fictus","2012","3"
"426",69.0781986641342,31.8416776943004,90.55,"A mendacium","2012","3"
"427",62.9771560216646,25.3921454916757,56.63,"A fictus","2012","3"
"428",57.6364527685855,29.7239876593532,65.15,"A fictus","2012","3"
"429",66.3537290220768,22.9766568974599,31.45,"A fictus","2012","3"
"430",64.219041203141,31.9719663536243,76.34,"A mendacium","2012","3"
"431",59.1130719763572,32.4706587882999,71.95,"A fictus","2012","3"
"432",51.3816987730744,36.2467997749946,72.3,"A mendacium","2012","3"
"433",59.4385693840227,31.5368807591154,81.2,"A mendacium","2012","3"
"434",71.6549388849912,35.4534900028232,46.73,"A fictus","2012","3"
"435",58.2145899408017,25.1667093565326,42.74,"A fictus","2012","3"
"436",63.663818575357,31.4328715214836,77.99,"A fictus","2012","3"
"437",79.3091919154549,23.865497304509,75.12,"A mendacium","2012","3"
"438",72.6345555743408,26.5746594091812,40.52,"A mendacium","2012","3"
"439",61.8707198009486,30.2546847981671,68.66,"A mendacium","2012","3"
"440",68.1783885108488,31.5101065352018,103.24,"A mendacium","2012","3"
"441",69.5261385365227,28.9277356412806,45.46,"A mendacium","2012","3"
"442",53.9452931378398,28.5290522058116,63.87,"A fictus","2013","3"
"443",60.1565362547861,32.5340115001053,59.61,"A mendacium","2013","3"
"444",64.2775019731423,32.4432072303272,82.71,"A fictus","2013","3"
"445",61.8082504390891,31.1293266599856,91.4,"A mendacium","2013","3"
"446",66.2807208374362,29.7162365349296,91.68,"A mendacium","2013","3"
"447",56.1424916365149,34.5091060582009,85.97,"A fictus","2013","3"
"448",59.0087263110227,31.1295829630906,61.09,"A mendacium","2013","3"
"449",60.636427433025,31.2542604227355,69.97,"A fictus","2013","3"
"450",59.4626776536771,31.5302895064398,28.46,"A mendacium","2013","3"
"451",59.3762701230969,37.9451249358332,48.27,"A fictus","2013","3"
"452",66.1448460842564,30.4437070904953,48.3,"A fictus","2013","3"
"453",84.1795793291726,25.2394485511414,58.3,"A mendacium","2013","3"
"454",62.6071507435996,28.4482852958953,37.3,"A fictus","2013","3"
"455",61.2447860089522,30.0890522933495,88.34,"A fictus","2013","3"
"456",69.0901775278935,26.8881588804411,51.04,"A mendacium","2013","3"
"457",60.0515835923747,33.9021951124015,80.15,"A mendacium","2013","3"
"458",60.2631323382775,31.5356175948513,61.32,"A fictus","2013","3"
"459",59.4422188163344,23.359153410188,65.24,"A fictus","2013","3"
"460",56.4441493442658,22.5251325263438,66.59,"A fictus","2013","3"
"461",64.59560026387,29.0258884470561,29.56,"A mendacium","2013","3"
"462",62.7553322709093,32.3962249301047,41.2,"A mendacium","2013","3"
"463",61.9221001158875,31.465231348428,57.53,"A fictus","2013","3"
"464",55.4041569843369,32.3176109454868,67.92,"A fictus","2013","3"
"465",62.1275195617761,31.6218234204767,32.06,"A mendacium","2013","3"
"466",66.0025720928594,31.3732697775062,73.77,"A mendacium","2014","3"
"467",50.6025984875821,25.2194626295987,77.53,"A fictus","2014","3"
"468",77.851435255477,24.3970942589972,93.69,"A mendacium","2014","3"
"469",62.5482405126282,21.0734490392351,44.17,"A fictus","2014","3"
"470",66.6324075557129,17.1928491386962,77.44,"A fictus","2014","3"
"471",54.3803393293748,25.5017737905152,79.6,"A fictus","2014","3"
"472",65.4585640161002,30.7473359129351,65.72,"A fictus","2014","3"
"473",61.6211347271927,34.2548513028901,83.06,"A mendacium","2014","3"
"474",64.9216241477954,37.0587382059726,66.43,"A mendacium","2014","3"
"475",69.7692471318526,36.9660349620746,74.94,"A mendacium","2014","3"
"476",54.5622429412376,31.0949158481499,95.61,"A fictus","2014","3"
"477",71.2196782428683,36.4613425107232,59.04,"A mendacium","2014","3"
"478",61.6577362575889,32.7381154032895,21.55,"A fictus","2014","3"
"479",72.3280134067655,31.1856134273229,82.7,"A mendacium","2014","3"
"480",60.0519683633621,32.4622120535741,75.78,"A mendacium","2014","3"
"481",58.9211113693492,33.5100016486547,48.19,"A mendacium","2014","3"
"482",62.8019351144825,31.0246142577817,55.95,"A mendacium","2014","3"
"483",64.2399520690152,27.7311535521785,63.87,"A mendacium","2014","3"
"484",67.9141522277681,31.4393499525661,45.71,"A mendacium","2014","3"
"485",62.8602942861355,29.769209082939,67.58,"A fictus","2015","3"
"486",57.9734154000446,26.7597317119625,29.58,"A fictus","2015","3"
"487",71.4704201196505,23.5960052803098,55.44,"A mendacium","2015","3"
"488",74.4671648507845,31.0357994174507,81.82,"A mendacium","2015","3"
"489",72.9685268125751,22.8694799221753,89.2,"A mendacium","2015","3"
"490",58.0823046893383,29.7015111582957,67.41,"A mendacium","2015","3"
"491",53.1043663986829,29.300230512966,61.49,"A mendacium","2015","3"
"492",63.7828646090763,21.8333154258698,65.36,"A fictus","2015","3"
"493",67.6082141198252,31.1528929232363,34,"A mendacium","2015","3"
"494",57.7333944609163,28.6063491575314,62.09,"A fictus","2015","3"
"495",76.1184441565127,22.5043193964994,58.9,"A mendacium","2015","3"
"496",80.2285904066686,21.3444580503949,55.92,"A mendacium","2015","3"
"497",68.4985152763866,32.2135041002823,43.33,"A fictus","2015","3"
"498",63.2725604220901,33.0054048639433,93.56,"A fictus","2015","3"
"499",52.8149446491014,25.0167559132112,64.4,"A fictus","2015","3"
"500",62.7438311759959,31.0643795717666,78.63,"A fictus","2016","3"
"501",51.6693074411831,25.0054835043279,78.64,"A fictus","2016","3"
"502",58.8608937225799,29.1917865885676,70.57,"A fictus","2016","3"
"503",66.2022778071704,23.0786787157131,81.43,"A fictus","2016","3"
"504",72.3742376600353,27.1132720964106,54.24,"A mendacium","2016","3"
"505",56.172750003313,26.3851929024495,65.3,"A fictus","2016","3"
"506",62.9766709686302,25.6875278189162,34.31,"A mendacium","2016","3"
"507",66.6577295613545,27.6699758337983,76.34,"A fictus","2016","3"
"508",66.1029122326272,27.6895370726523,86.93,"A mendacium","2016","3"
"509",62.809048952693,28.03602964781,98.01,"A mendacium","2016","3"
"510",59.2771167114192,32.1063851421882,65.1,"A fictus","2016","3"
"511",65.3608756282584,29.6950740886848,82.99,"A fictus","2016","3"
"512",62.9588688827299,31.2562041737037,76.23,"A mendacium","2016","3"
"513",60.7256279802584,34.4339098187507,96.1,"A fictus","2016","3"
"514",53.2180023734247,34.0823548300599,48.41,"A fictus","2016","3"
"515",58.6192966949858,28.6127185739469,72.35,"A mendacium","2016","3"
"516",71.4729464383347,25.3400693721506,52.84,"A mendacium","2016","3"
"517",66.5777424410515,27.3045069616973,56.75,"A mendacium","2016","3"
"518",58.828283270156,28.8892755622641,66.96,"A fictus","2016","3"
"519",67.2482030975522,32.4081586080308,80.45,"A mendacium","2016","3"
"520",54.2892946678449,21.4909019242834,87.58,"A fictus","2017","3"
"521",59.3467195697603,35.1452449698802,97.18,"A fictus","2017","3"
"522",70.8827955335527,33.5173068326492,87.58,"A mendacium","2017","3"
"523",49.0103208238668,27.976545402298,84.15,"A fictus","2017","3"
"524",49.2674308140053,29.844293133362,65.36,"A fictus","2017","3"
"525",59.4987896292702,33.7269709675763,80.32,"A fictus","2017","3"
"526",66.0866552219943,27.1774831583753,81.12,"A mendacium","2017","3"
"527",52.3837961431023,32.8396929016947,88.56,"A mendacium","2017","3"
"528",59.2087299488867,25.0244910892535,82.94,"A fictus","2017","3"
"529",70.7789941474754,21.0716990611906,32.27,"A mendacium","2017","3"
"530",63.7807271564847,31.6527343935955,51.05,"A fictus","2017","3"
"531",48.1699579088985,17.8116865561259,115.54,"A fictus","2017","3"
"532",56.4265019392325,30.7919115263152,94.95,"A fictus","2017","3"
"533",68.8216061689859,33.5836627260109,91.28,"A mendacium","2017","3"
"534",59.9600232256014,35.311969276758,62.81,"A mendacium","2017","3"
"535",54.5965201547799,26.4295060513951,50.06,"A fictus","2017","3"
"536",77.7013111483062,22.1854686359114,70.17,"A mendacium","2018","3"
"537",74.1572329967164,23.8643154432215,59.84,"A mendacium","2018","3"
"538",63.0229456647485,35.9705129564992,55.52,"A fictus","2018","3"
"539",64.1509232831026,39.0704514368806,29.1,"A mendacium","2018","3"
"540",62.0815718675685,29.4916257884958,88.7,"A mendacium","2018","3"
"541",53.6110580083598,31.2725683313297,11.2,"A mendacium","2018","3"
"542",77.9166414669977,23.7371185241571,105.73,"A mendacium","2018","3"
"543",69.9389473710962,31.557101469867,41.5,"A fictus","2018","3"
"544",54.508263825756,27.8526432771597,88.93,"A fictus","2018","3"
"545",61.5632597459398,25.7097334708507,100.6,"A fictus","2018","3"
"546",57.6790522413242,32.678852964556,75.41,"A fictus","2018","3"
"547",70.431811498745,26.2097390482643,66.8,"A fictus","2018","3"
"548",61.5044687717262,32.7885464312139,102.65,"A fictus","2018","3"
"549",56.9178704151335,26.8969194947162,48.54,"A fictus","2018","3"
"550",62.5151053059916,27.4390011195452,81.37,"A fictus","2018","3"
"551",69.2470779633893,29.2167681365078,86.11,"A mendacium","2018","3"
"552",67.8540150574879,29.2763237172079,99.98,"A mendacium","2018","3"
"553",63.9334420056043,26.2228496736925,55.9,"A fictus","2018","3"
"554",65.7200892558632,31.7762516351793,58.02,"A mendacium","2018","3"
"555",59.9663370632459,27.9707732761902,80.28,"A mendacium","2018","3"
"556",61.3195144066938,27.6567141713275,86.71,"A mendacium","2018","3"
"557",66.507313730122,32.1757394578177,59.62,"A fictus","2018","3"
"558",67.3689267794868,34.1189398281566,89.36,"A mendacium","2018","3"
"559",66.8765621444677,36.5985208336987,51.64,"A mendacium","2018","3"
"560",65.443535338805,28.7764770326927,68.97,"A fictus","2019","3"
"561",65.0264079304643,27.9120884090671,99.25,"A mendacium","2019","3"
"562",66.8746325998396,23.4369862820514,45.12,"A mendacium","2019","3"
"563",58.973314733853,26.1914413243442,65.18,"A fictus","2019","3"
"564",69.6403579519304,23.3585227865718,68.72,"A fictus","2019","3"
"565",56.7129256955921,29.1629161761362,83.31,"A mendacium","2019","3"
"566",64.2311305980027,28.7801709523419,74.13,"A fictus","2019","3"
"567",61.1960052127564,22.5630779206243,93.32,"A fictus","2019","3"
"568",69.7936534872312,31.8564911707471,73.28,"A mendacium","2019","3"
"569",54.598976508041,36.7661533184865,145.76,"A mendacium","2019","3"
"570",56.4799828549191,22.6695867052368,87.01,"A fictus","2019","3"
"571",54.2153612870557,38.9898651040409,70.22,"A mendacium","2019","3"
"572",57.1255767057949,28.6409550922912,88.78,"A fictus","2019","3"
"573",78.2950974415118,28.8649314249995,57.62,"A mendacium","2019","3"
"574",68.7442623503286,29.6902439276089,78.58,"A mendacium","2019","3"
"575",52.9616534037029,33.3011460290796,101.35,"A fictus","2019","3"
"576",64.85775089604,31.2715346898599,44.64,"A fictus","2020","3"
"577",58.6465257188549,26.2506686672336,59.51,"A fictus","2020","3"
"578",68.833912314814,32.3517472533817,81.28,"A mendacium","2020","3"
"579",71.7482135562439,22.8879222732902,54.59,"A mendacium","2020","3"
"580",69.0983959740631,28.2524540807853,79.52,"A mendacium","2020","3"
"581",53.3092157021685,30.2164010299073,51.52,"A fictus","2020","3"
"582",58.049742389866,30.7360724941262,72.73,"A fictus","2020","3"
"583",66.8959950706467,22.431207491064,101.47,"A fictus","2020","3"
"584",47.0194443354591,31.2543382596742,83.47,"A fictus","2020","3"
"585",54.3220469204665,33.2314523619437,68.01,"A fictus","2020","3"
"586",66.1779166858165,31.6762215180772,76.65,"A mendacium","2020","3"
"587",61.27232240716,32.0962832085817,119.53,"A mendacium","2020","3"
"588",64.3622771824379,27.7422414542241,51.31,"A fictus","2020","3"
"589",65.4084698193613,26.3031203865934,47.55,"A fictus","2020","3"
"590",48.0937165287141,28.7994825853641,102.2,"A fictus","2020","3"
"591",71.9428361485385,28.4213609975268,75.27,"A mendacium","2020","3"
"592",58.4644208321596,35.6528688549098,89.75,"A fictus","2020","3"
"593",60.2912071377133,27.6822432164245,43.56,"A fictus","2020","3"
"594",58.1554218100521,32.0181167593709,19.93,"A fictus","2020","3"
"595",69.5866677699445,33.695661374352,78.54,"A mendacium","2020","3"
"596",72.1010019025429,30.933334690431,62.75,"A mendacium","2020","3"
"597",55.4284549782143,20.0548397464925,75.66,"A fictus","2020","3"
"598",54.3132332359152,32.3287920563277,58.07,"A fictus","2020","3"
"599",69.1799940514421,29.1406955938261,73.38,"A mendacium","2020","3"
"600",69.3444494068543,39.2345584443891,66.14,"A fictus","2011","4"
"601",67.0609140624869,38.4334205689686,76.59,"A fictus","2011","4"
"602",69.5342501164129,33.5643014164607,82.47,"A fictus","2011","4"
"603",59.7064419446263,45.3825533784819,43.29,"A fictus","2011","4"
"604",60.2294536620836,40.0395853901884,72.34,"A fictus","2011","4"
"605",76.8281070999495,40.6485684206028,89.62,"A mendacium","2011","4"
"606",63.3114378323548,43.6109174894203,52.92,"A mendacium","2011","4"
"607",71.4649627297166,48.5892972031898,113.93,"A fictus","2011","4"
"608",72.4821847668073,34.3954955942269,68.09,"A mendacium","2011","4"
"609",69.5038592406758,42.7725425090025,65.48,"A mendacium","2011","4"
"610",52.68844927823,45.2912435071901,32.01,"A mendacium","2011","4"
"611",58.7723555060687,32.4652876521269,33.65,"A fictus","2011","4"
"612",71.7600808087361,41.2822426392838,63.35,"A mendacium","2011","4"
"613",65.0681491192891,40.7294681784398,89.34,"A fictus","2011","4"
"614",55.5728933160014,42.7259284238509,98.63,"A fictus","2011","4"
"615",61.9700952905677,41.1271493410431,62.51,"A mendacium","2011","4"
"616",65.3456347145042,39.7064904578738,78.53,"A fictus","2011","4"
"617",61.7230808823708,42.534066093153,68.54,"A fictus","2011","4"
"618",77.5290247902045,37.6901995228111,69.84,"A mendacium","2011","4"
"619",56.4266637502498,46.9806084233457,83.22,"A fictus","2012","4"
"620",71.0218484120329,43.8644056669204,68.4,"A fictus","2012","4"
"621",71.9924675969314,48.789399724369,109.71,"A fictus","2012","4"
"622",56.7284354465146,41.9393673994843,43.34,"A fictus","2012","4"
"623",53.3315284608828,32.0118668978624,79.29,"A fictus","2012","4"
"624",70.650172160448,43.2632693755067,51.03,"A mendacium","2012","4"
"625",75.402397658105,41.9716567187604,76.94,"A mendacium","2012","4"
"626",76.5627803504482,42.0784042586662,71.03,"A mendacium","2012","4"
"627",63.7245521245037,45.5554463339406,63.54,"A mendacium","2012","4"
"628",60.1336194248203,37.3270196834865,114.01,"A fictus","2012","4"
"629",74.4133985769968,41.2602256332309,62.74,"A mendacium","2012","4"
"630",60.9322894728525,42.0718901888563,86.72,"A fictus","2012","4"
"631",64.5238762611893,36.4779616071366,46.67,"A fictus","2012","4"
"632",57.5064365892266,42.6684893406782,73.94,"A fictus","2012","4"
"633",57.0188841741916,38.0739697749347,58.57,"A fictus","2012","4"
"634",62.0362562528595,36.8886893157375,60.74,"A mendacium","2012","4"
"635",64.6486176898398,39.7639664994145,45.87,"A fictus","2012","4"
"636",64.418327507126,42.8138477403023,31.32,"A fictus","2012","4"
"637",64.6160397437689,43.4408470246341,87.87,"A fictus","2013","4"
"638",65.4639804380239,33.161386185801,51.11,"A mendacium","2013","4"
"639",68.0846511625671,45.5026578178892,32.78,"A mendacium","2013","4"
"640",56.3491149353821,40.7682983952342,62.37,"A fictus","2013","4"
"641",64.5523912718029,40.2493109436543,80.01,"A fictus","2013","4"
"642",56.7939550680396,47.6714994182216,54.78,"A fictus","2013","4"
"643",64.6764234817415,47.4268270657009,89,"A mendacium","2013","4"
"644",75.3072446640957,37.028788638669,78.68,"A mendacium","2013","4"
"645",62.1446152279413,43.8850262302832,93.17,"A mendacium","2013","4"
"646",64.7174898117831,43.3580881321985,89.49,"A fictus","2013","4"
"647",63.4564178363828,31.0563430055511,92.68,"A fictus","2013","4"
"648",60.3691697063583,45.902028794759,83.19,"A mendacium","2013","4"
"649",62.9023244674105,30.2354011498389,48,"A fictus","2013","4"
"650",78.3382646016276,41.8212333728582,83.23,"A mendacium","2013","4"
"651",72.3806004791575,39.1669425950256,79.2,"A mendacium","2013","4"
"652",66.620133432214,39.0180790456178,53.32,"A fictus","2013","4"
"653",65.2741701114766,32.5584248548062,59,"A fictus","2013","4"
"654",72.6835887095706,35.1837877100127,30.83,"A mendacium","2013","4"
"655",65.7906593959756,43.6900325681773,68.28,"A mendacium","2013","4"
"656",49.9180755031675,45.1953671771752,61.44,"A fictus","2013","4"
"657",59.989520281913,34.8405204539681,95.76,"A fictus","2014","4"
"658",61.6913317455282,41.3188967333785,64.49,"A fictus","2014","4"
"659",71.8962703859555,36.6802128112819,97.83,"A mendacium","2014","4"
"660",58.4779495872598,39.2046410269265,67.07,"A fictus","2014","4"
"661",71.787441735299,40.203799188543,79.96,"A mendacium","2014","4"
"662",76.0458561928952,36.7953842215074,70.32,"A mendacium","2014","4"
"663",56.699498747448,43.2308839329423,46.08,"A mendacium","2014","4"
"664",64.9093459620892,44.6025528532784,111.4,"A mendacium","2014","4"
"665",70.7070358569641,43.8542923169387,26.3,"A mendacium","2014","4"
"666",58.7535222551421,37.3675069063822,68.31,"A fictus","2014","4"
"667",71.4287170249855,44.7623309738128,81.76,"A mendacium","2014","4"
"668",55.8270621011094,39.6308950544424,66.99,"A fictus","2014","4"
"669",72.1999763935523,38.9441570105439,37.91,"A mendacium","2014","4"
"670",75.6779283818865,38.6248212160543,60.68,"A mendacium","2014","4"
"671",68.072492378826,33.6161361161975,74.16,"A mendacium","2014","4"
"672",70.1157692155219,42.7374639200905,84.59,"A mendacium","2014","4"
"673",73.670522552609,41.9282404133101,88.78,"A mendacium","2014","4"
"674",78.6306996359615,39.8370138956924,77.74,"A mendacium","2014","4"
"675",82.7788965439311,34.8182262197785,64.89,"A mendacium","2014","4"
"676",54.7325153830637,39.4703492754354,48.07,"A fictus","2014","4"
"677",53.6361476376298,33.3532007355212,75.39,"A fictus","2014","4"
"678",54.2692002814819,42.118435195329,76.39,"A fictus","2014","4"
"679",64.0751671672685,36.4766675128167,65.23,"A fictus","2014","4"
"680",54.0939881478155,44.1738973330602,62.52,"A mendacium","2014","4"
"681",60.9542937059346,45.1153709137374,93.23,"A mendacium","2015","4"
"682",59.0698236200788,39.8419766908049,52.06,"A fictus","2015","4"
"683",57.2632808436666,33.6886673324855,43.6,"A fictus","2015","4"
"684",63.9438844422073,42.3553229165402,83.07,"A mendacium","2015","4"
"685",64.7950224020657,44.4439292142175,65.95,"A mendacium","2015","4"
"686",59.1341283250745,40.0869993520173,102.24,"A fictus","2015","4"
"687",56.80463053751,47.0939930179755,67.44,"A fictus","2015","4"
"688",82.8615797473621,40.6854832255442,67.35,"A mendacium","2015","4"
"689",75.2540178038203,37.8230513139424,66.51,"A mendacium","2015","4"
"690",59.3979671227766,42.0379087347078,82.9,"A fictus","2015","4"
"691",63.8340102157878,41.9107543018331,43.83,"A fictus","2015","4"
"692",69.3604808579205,36.8107838520473,124.2,"A mendacium","2015","4"
"693",67.3466697244317,39.6252435563407,48.38,"A fictus","2015","4"
"694",51.056192163077,34.7209335059336,50.11,"A fictus","2015","4"
"695",73.5661855607878,44.0966650445933,78.78,"A mendacium","2015","4"
"696",72.0441043554451,33.800254631545,83.5,"A mendacium","2015","4"
"697",68.6512996808323,39.6440824931695,71.19,"A mendacium","2015","4"
"698",46.7307877173789,41.9422766988282,44.63,"A fictus","2015","4"
"699",70.0837523322693,36.2854104334353,91.03,"A mendacium","2015","4"
"700",78.9284370986615,38.701409273133,69.59,"A mendacium","2015","4"
"701",58.12454298341,38.2622157185593,72.59,"A fictus","2015","4"
"702",66.5444755889557,41.2489966003371,63,"A mendacium","2015","4"
"703",64.894572676058,47.7152221081794,92.45,"A mendacium","2015","4"
"704",54.1653607280191,44.9935424079841,47.63,"A fictus","2016","4"
"705",70.6454095231106,36.3529686539616,14.26,"A mendacium","2016","4"
"706",60.2584530013122,44.3166869642136,78.93,"A fictus","2016","4"
"707",63.5662928672771,42.6039762252019,49.91,"A mendacium","2016","4"
"708",74.3810283852961,35.6732183569832,71.74,"A mendacium","2016","4"
"709",68.4243481753224,47.2466689393248,89.91,"A mendacium","2016","4"
"710",61.8361588737608,42.8902485428095,53.8,"A mendacium","2016","4"
"711",63.1800834260364,44.8451390691988,65.17,"A mendacium","2016","4"
"712",53.3788351578522,37.195978433317,75.61,"A fictus","2016","4"
"713",62.5354211829207,38.7645430992093,81.2,"A fictus","2016","4"
"714",78.8906933810617,39.9916305252952,81.76,"A mendacium","2016","4"
"715",56.5632768915113,35.1311060276192,115.85,"A mendacium","2016","4"
"716",49.430255162425,40.2003713033755,68.33,"A fictus","2016","4"
"717",66.2452692035902,40.0805948751103,84.27,"A mendacium","2016","4"
"718",82.213052086278,40.3988799882642,107.83,"A mendacium","2016","4"
"719",56.2187359630036,37.9828880271941,113.43,"A fictus","2016","4"
"720",73.301117788297,41.6238197199111,70.51,"A mendacium","2016","4"
"721",72.4740216211908,40.0704704346532,79.72,"A mendacium","2016","4"
"722",58.5744117438812,40.5000566417201,60.97,"A fictus","2016","4"
"723",70.8852386835935,43.447507061651,63.62,"A mendacium","2016","4"
"724",57.7326405605342,39.7901650927804,66.13,"A fictus","2016","4"
"725",64.0520467636172,44.3268476018475,66.2,"A fictus","2017","4"
"726",77.3035353406512,40.5755714341531,70.58,"A mendacium","2017","4"
"727",53.7399622479688,41.7247009726538,53.49,"A fictus","2017","4"
"728",63.0130133874909,37.690181713076,81.84,"A fictus","2017","4"
"729",59.5098125620512,39.2421597293316,22.11,"A fictus","2017","4"
"730",54.8516185083085,40.3819391544943,56.53,"A fictus","2017","4"
"731",61.3347201949574,42.8740619996155,82.29,"A fictus","2017","4"
"732",60.054516608685,36.8621503000242,90.74,"A fictus","2017","4"
"733",78.8522318666761,39.6990653223921,113.46,"A mendacium","2017","4"
"734",65.2149209909798,41.7439400818359,46.6,"A fictus","2017","4"
"735",61.9317720669751,40.3200894333333,71.44,"A mendacium","2017","4"
"736",69.6685508318112,40.9758485515623,78.29,"A mendacium","2017","4"
"737",58.1301312947352,35.7049478220187,45.71,"A fictus","2017","4"
"738",71.3413647437858,43.8922017898818,65.4,"A fictus","2017","4"
"739",61.6359363882614,34.9492950186943,89.22,"A fictus","2017","4"
"740",61.4981246399295,34.9531797639022,79.7,"A fictus","2017","4"
"741",50.3780898245502,42.7592357793889,59.29,"A fictus","2017","4"
"742",66.7626790716979,39.5662660211895,81.08,"A fictus","2017","4"
"743",60.970391322839,41.3013444519155,76.09,"A mendacium","2017","4"
"744",46.0965410094501,36.8797682425395,49.7,"A fictus","2017","4"
"745",64.3108044653297,46.1712455452091,48.53,"A fictus","2018","4"
"746",59.0810657251871,43.3738330836799,85.7,"A mendacium","2018","4"
"747",67.9920391597869,41.1076373221539,58.42,"A mendacium","2018","4"
"748",58.7316745266828,41.5245895591274,45.94,"A fictus","2018","4"
"749",73.8756854125013,40.4006830126536,68.35,"A mendacium","2018","4"
"750",71.0104716066972,39.1181942018197,66.55,"A mendacium","2018","4"
"751",64.5281617552528,37.6196477827137,89.51,"A fictus","2018","4"
"752",69.0977120235049,38.1247262370671,81.82,"A fictus","2018","4"
"753",56.3108726302661,41.9566065548855,58.92,"A fictus","2018","4"
"754",71.5648605555464,33.9279687692072,57.9,"A mendacium","2018","4"
"755",56.5232254712393,35.8989902797389,50.98,"A fictus","2018","4"
"756",68.4084231328183,45.4733367210066,81.87,"A mendacium","2018","4"
"757",56.7931061899487,46.3256248238682,75.33,"A fictus","2018","4"
"758",59.2103353890613,48.3808341074201,27.32,"A fictus","2018","4"
"759",89.196106363144,30.1106151283664,58.93,"A mendacium","2018","4"
"760",65.3264670927883,45.6340376680797,75.01,"A fictus","2019","4"
"761",61.9200311882441,46.772000184269,69.1,"A fictus","2019","4"
"762",64.5881876794608,45.4553518612008,78.81,"A fictus","2019","4"
"763",76.8151279698265,36.0960313469958,103.7,"A mendacium","2019","4"
"764",59.8616675368342,46.2758011999655,45.88,"A fictus","2019","4"
"765",70.8910831968345,39.3406091486495,81.85,"A fictus","2019","4"
"766",59.9948871365523,35.1907048538715,39.06,"A fictus","2019","4"
"767",62.3296287492226,44.279562539841,57.35,"A mendacium","2019","4"
"768",81.4259476455496,40.8311555215995,95.81,"A mendacium","2019","4"
"769",76.7019373957957,38.5431626475588,90.82,"A mendacium","2019","4"
"770",54.0711520648434,48.0307937407745,59.7,"A fictus","2019","4"
"771",69.0111769467266,39.935798529762,69.52,"A mendacium","2019","4"
"772",83.9841766805614,37.2068128068117,88.33,"A mendacium","2019","4"
"773",65.5845395809416,36.4476593334169,26.58,"A mendacium","2019","4"
"774",62.8785637940674,37.7774384089083,107.19,"A mendacium","2019","4"
"775",81.1497549213883,33.0459436911537,74.8,"A mendacium","2019","4"
"776",72.6596671887523,35.7580094290482,45.97,"A mendacium","2019","4"
"777",77.7979367361852,41.7285497374356,59.26,"A mendacium","2019","4"
"778",72.0374121174606,41.5213105132052,50.34,"A mendacium","2019","4"
"779",48.4066071595954,43.730223825457,78.3,"A fictus","2019","4"
"780",56.4301816944619,40.955695691148,98.92,"A fictus","2019","4"
"781",58.0892542383372,42.7744473227028,72.97,"A fictus","2019","4"
"782",55.5942069529231,42.797337011773,45.41,"A mendacium","2019","4"
"783",84.3210413602458,34.97422911221,57.51,"A mendacium","2020","4"
"784",68.3551707572373,38.0849434977929,76.52,"A mendacium","2020","4"
"785",79.8168893753266,37.7301097490027,51.36,"A mendacium","2020","4"
"786",56.2265107093679,35.7000104746851,70.28,"A fictus","2020","4"
"787",69.7797096816232,43.2375273409367,72.64,"A mendacium","2020","4"
"788",50.482131490375,39.7462815701491,69.99,"A fictus","2020","4"
"789",71.8054519043094,41.929902215531,99.65,"A mendacium","2020","4"
"790",84.9926426914801,41.8925132747053,88.27,"A mendacium","2020","4"
"791",74.281454054312,41.6102201460884,79.07,"A mendacium","2020","4"
"792",73.6514424114643,34.9364544033078,97.81,"A mendacium","2020","4"
"793",61.7813120938764,33.9464288051728,48.51,"A fictus","2020","4"
"794",64.9914905099612,40.4837604487214,56.1,"A fictus","2020","4"
"795",74.884647811245,37.4642902199098,27.8,"A mendacium","2020","4"
"796",69.0817681231389,41.5161980075741,27.27,"A fictus","2020","4"
"797",58.1430531273934,37.4798921073808,59.1,"A fictus","2020","4"
"798",72.9395035604449,38.1409204152483,64.8,"A mendacium","2020","4"
"799",77.025031758159,47.6676392512393,65.46,"A mendacium","2011","5"
"800",63.9546775969237,52.6358935778151,59.22,"A fictus","2011","5"
"801",70.7425755578686,55.8528066484549,54.69,"A mendacium","2011","5"
"802",63.8451057944914,52.2824899685622,54.37,"A fictus","2011","5"
"803",61.8346786435162,46.666058197878,79.84,"A fictus","2011","5"
"804",52.3563277650393,57.6823126511108,78.9,"A fictus","2011","5"
"805",74.0345442296656,52.0873967116291,44.55,"A mendacium","2011","5"
"806",78.6390082638245,49.5495698123033,92.35,"A mendacium","2011","5"
"807",84.9478040756035,43.0050505857561,70.92,"A mendacium","2011","5"
"808",64.8485046426915,45.4962153984206,71.69,"A fictus","2011","5"
"809",60.9485766094659,58.6100746879947,57.14,"A mendacium","2011","5"
"810",60.2630737254926,51.2869412021627,43.67,"A fictus","2011","5"
"811",68.5367164533604,51.6844513176223,45.18,"A mendacium","2011","5"
"812",58.7380107442799,51.4263521519366,94.88,"A fictus","2011","5"
"813",51.5863880283592,48.7217037002915,79.87,"A fictus","2011","5"
"814",66.3282025723925,43.7544134346485,71.07,"A fictus","2011","5"
"815",65.0463705717743,53.4732421104441,49.18,"A mendacium","2011","5"
"816",64.8612978535589,40.7881764183351,36.6,"A fictus","2011","5"
"817",69.8937574376885,52.0595516139131,53.48,"A mendacium","2011","5"
"818",56.8434334394548,48.4052201787799,92.99,"A fictus","2011","5"
"819",77.3683950564611,48.2046039803068,40.37,"A mendacium","2011","5"
"820",64.6911301189178,50.9999155394513,73.27,"A mendacium","2011","5"
"821",68.9419410911252,57.349510854282,82.29,"A mendacium","2011","5"
"822",53.9769975586887,54.9785369315332,72.96,"A fictus","2011","5"
"823",62.9746608057369,50.5844310972323,92.05,"A fictus","2012","5"
"824",58.4295413026622,43.2847652436927,90.52,"A fictus","2012","5"
"825",64.6828737079389,49.6375581184201,68.04,"A fictus","2012","5"
"826",54.3764859509578,44.1371375540853,87.26,"A fictus","2012","5"
"827",76.3525514455939,44.0952128808329,45.91,"A mendacium","2012","5"
"828",59.3440004861191,49.6294188089587,44.07,"A fictus","2012","5"
"829",54.3107315926951,52.3089174304787,84.28,"A fictus","2012","5"
"830",60.8926833080498,46.4633913485425,69.35,"A fictus","2012","5"
"831",75.4414614619442,41.6107511765658,62.53,"A mendacium","2012","5"
"832",59.4469240413849,50.6744617939598,87.09,"A fictus","2012","5"
"833",77.4819307928362,47.8541547114216,77.54,"A mendacium","2012","5"
"834",66.0490993818956,53.1549148313267,65.97,"A mendacium","2012","5"
"835",66.4558396073892,51.11707573003,87.66,"A mendacium","2012","5"
"836",57.4266049534364,46.551231262824,50.44,"A fictus","2012","5"
"837",58.9498217694595,49.1213389333196,63.32,"A fictus","2012","5"
"838",73.5544149675987,50.0719371901699,101.84,"A mendacium","2012","5"
"839",51.5684707971464,50.4929765540118,80.53,"A fictus","2012","5"
"840",70.7327131176159,50.5604142809592,48.06,"A mendacium","2013","5"
"841",60.9972149104305,50.6398857229874,57.79,"A mendacium","2013","5"
"842",73.0929742249961,48.1241094860814,102.73,"A mendacium","2013","5"
"843",65.7733114883021,52.5484543019425,63.65,"A fictus","2013","5"
"844",64.5681082134197,47.8818040234896,69.99,"A fictus","2013","5"
"845",69.5981759764596,45.4239758897666,63.31,"A mendacium","2013","5"
"846",64.8998967700604,50.6157460077,75.7,"A fictus","2013","5"
"847",67.5397262031479,47.2852106954947,70.18,"A fictus","2013","5"
"848",55.0067020512731,47.9664756451509,101.8,"A fictus","2013","5"
"849",55.5069769367616,44.3492875021002,97.58,"A fictus","2013","5"
"850",87.21009202419,42.5211397909318,65.17,"A mendacium","2013","5"
"851",70.755525261187,52.4721451510596,51.95,"A mendacium","2013","5"
"852",57.7191266138717,52.4612169536839,69.75,"A fictus","2013","5"
"853",68.5960397909074,49.7773769950407,85.04,"A mendacium","2014","5"
"854",78.9815033794456,47.1395189607378,73.42,"A mendacium","2014","5"
"855",70.1312503646809,49.2457192777683,73.31,"A mendacium","2014","5"
"856",55.384667094303,55.8683989207348,50.49,"A fictus","2014","5"
"857",71.4160284970955,51.5689409083084,65.51,"A mendacium","2014","5"
"858",74.1301681267133,43.5289194620252,104.53,"A mendacium","2014","5"
"859",67.8699397617472,48.8474098909777,60.62,"A mendacium","2014","5"
"860",49.4347103759681,43.8344647959863,37.26,"A fictus","2014","5"
"861",51.2826195107932,50.3572605866817,68.08,"A fictus","2014","5"
"862",62.5377097498817,51.2921517620557,66.61,"A fictus","2014","5"
"863",77.2475960065274,47.3712032175138,64.22,"A mendacium","2014","5"
"864",65.9212333792686,44.423841061853,67.55,"A mendacium","2014","5"
"865",60.4300239818288,42.8499913024314,68.94,"A fictus","2014","5"
"866",57.3433092552188,45.3100489294365,90.95,"A fictus","2014","5"
"867",75.7291487684611,50.1297065498247,88.22,"A mendacium","2014","5"
"868",62.1652265621112,53.2869060593166,72.53,"A fictus","2015","5"
"869",52.3631917165344,55.0571637416719,59,"A fictus","2015","5"
"870",69.9600303664486,47.5417728420396,57.87,"A fictus","2015","5"
"871",73.1892797424563,52.5170727488576,106.52,"A mendacium","2015","5"
"872",54.0878753809035,47.0283435446107,65.4,"A fictus","2015","5"
"873",64.237699385468,54.7552868662498,93.24,"A fictus","2015","5"
"874",59.2389371527027,50.3439336350169,62.05,"A fictus","2015","5"
"875",63.3256301857395,52.3514288741496,49.09,"A fictus","2015","5"
"876",76.6842080192858,43.5945062992833,54.68,"A mendacium","2015","5"
"877",71.3380029152766,52.8509124785128,85.46,"A mendacium","2015","5"
"878",80.3031350867952,48.0025098367917,102.43,"A mendacium","2015","5"
"879",61.4547133874309,46.4050045084597,56.2,"A fictus","2015","5"
"880",67.6679533783613,55.5986778529183,33.61,"A fictus","2015","5"
"881",65.5583630464497,54.1636373904843,97.79,"A mendacium","2015","5"
"882",78.0090762587931,46.676953061003,81.45,"A mendacium","2015","5"
"883",51.7456704288536,50.1238146533889,91.58,"A fictus","2015","5"
"884",72.2131300102454,49.2299518982329,68.83,"A mendacium","2015","5"
"885",70.4138524664306,54.2061889770649,85.07,"A fictus","2015","5"
"886",70.0836308829068,45.3993622916093,77.4,"A fictus","2015","5"
"887",69.3291140178345,51.5611225628124,77.77,"A fictus","2015","5"
"888",66.9259155314744,50.3434065578248,58.62,"A fictus","2015","5"
"889",72.550019740915,48.7288417733342,33.65,"A mendacium","2015","5"
"890",74.4770780211243,49.7452934599475,61.7,"A mendacium","2015","5"
"891",66.1543710978325,54.0890413099441,64.79,"A mendacium","2016","5"
"892",78.8461516635391,54.5366297401574,63.44,"A mendacium","2016","5"
"893",62.8579722865224,54.7030678239315,55.77,"A mendacium","2016","5"
"894",70.1029560430621,47.5328091068153,74.36,"A fictus","2016","5"
"895",67.7822523460429,53.1285083196487,72.76,"A fictus","2016","5"
"896",53.7997857942744,50.0338027860415,67.07,"A fictus","2016","5"
"897",60.3567297180797,52.5706230512714,79.88,"A fictus","2016","5"
"898",60.6299533455914,50.5752016459862,48.96,"A fictus","2016","5"
"899",61.2295445313306,53.6768522695596,81.7,"A fictus","2016","5"
"900",62.943378746322,49.8267728907746,86.67,"A mendacium","2016","5"
"901",56.28944853281,48.0946906204235,52.12,"A fictus","2016","5"
"902",62.3377341485446,54.5697940274921,75.61,"A mendacium","2016","5"
"903",59.059747527418,49.312506735181,44.87,"A fictus","2016","5"
"904",60.3287415052309,47.6732977678091,96.15,"A fictus","2016","5"
"905",64.0382617241584,55.018971291501,86.57,"A fictus","2016","5"
"906",61.031730756947,50.3896361271094,69.5,"A mendacium","2016","5"
"907",72.3994216874802,50.3332400491319,44.51,"A mendacium","2016","5"
"908",62.7897375365272,52.2032437631298,87.11,"A fictus","2016","5"
"909",61.9257575192588,48.5147259963205,91.15,"A fictus","2016","5"
"910",61.4227403595611,52.9185669605044,55.29,"A fictus","2016","5"
"911",83.2088068732388,52.1195907083284,35.2,"A mendacium","2016","5"
"912",77.5152781782572,48.6313048509633,63.86,"A mendacium","2016","5"
"913",72.6169195560486,47.9573853586193,89.99,"A mendacium","2016","5"
"914",72.3503904726837,53.4630983136229,82.87,"A mendacium","2016","5"
"915",67.5251755136984,45.8244797356602,31.76,"A fictus","2017","5"
"916",61.517240159304,58.3716140260306,73.07,"A mendacium","2017","5"
"917",65.5950436843648,45.6397500225137,57.59,"A mendacium","2017","5"
"918",59.6403594810487,48.2391272639274,89.8,"A fictus","2017","5"
"919",67.4512566624129,51.3933531795929,87.95,"A fictus","2017","5"
"920",72.6984635749276,50.3910855609337,64.37,"A fictus","2017","5"
"921",57.2569615025217,58.2947176332605,64.18,"A fictus","2017","5"
"922",71.8021810621786,49.3083796652749,69.07,"A mendacium","2017","5"
"923",83.1226319199697,48.5601903287418,71.72,"A mendacium","2017","5"
"924",57.8085319454174,53.804610025689,68.32,"A mendacium","2017","5"
"925",71.5020535837275,50.6086263975795,87.45,"A mendacium","2017","5"
"926",62.2278137925879,54.9814665753243,52.69,"A mendacium","2017","5"
"927",84.7211110389417,46.7353432158234,72.09,"A mendacium","2017","5"
"928",68.2113204030061,51.6300693282931,112.53,"A mendacium","2017","5"
"929",78.5084569750412,50.0894453894813,29.13,"A mendacium","2017","5"
"930",82.3043328771247,49.1460536542646,69.31,"A mendacium","2017","5"
"931",69.5054617562431,48.2594524990016,71.9,"A mendacium","2017","5"
"932",53.3284501412424,48.0475764143537,90.19,"A fictus","2017","5"
"933",86.1184629912796,47.0872255903409,55.25,"A mendacium","2017","5"
"934",80.3464712721778,51.5533040116104,74.18,"A mendacium","2017","5"
"935",72.9240922275048,51.0028853861129,84.43,"A mendacium","2017","5"
"936",58.9446526156724,47.4702951678882,76.96,"A fictus","2017","5"
"937",64.6652227517622,57.5409294817781,71.77,"A mendacium","2018","5"
"938",76.8185308994337,45.0543841482941,78.69,"A mendacium","2018","5"
"939",67.3280135722564,46.2273051861466,81.48,"A mendacium","2018","5"
"940",52.9856305775362,39.8622569826807,84.17,"A fictus","2018","5"
"941",61.5641004293232,53.3536633840214,40.78,"A fictus","2018","5"
"942",77.1656715901989,46.8206566946454,106.79,"A mendacium","2018","5"
"943",77.2495446741142,46.398860296234,62.62,"A mendacium","2018","5"
"944",63.1299578111493,51.1780713251873,97.73,"A fictus","2018","5"
"945",77.5568463152122,52.6486388525442,48.93,"A mendacium","2018","5"
"946",73.136472754048,49.9432201881032,78.49,"A mendacium","2018","5"
"947",58.3865801341372,53.2394518222144,59.64,"A fictus","2018","5"
"948",70.752166006335,53.8149916701194,79.1,"A mendacium","2018","5"
"949",75.7297466560683,46.6454973081969,68.89,"A mendacium","2018","5"
"950",85.1151033527989,47.2517379944223,48.67,"A mendacium","2018","5"
"951",81.922720559127,47.5320390110259,66.97,"A mendacium","2018","5"
"952",70.2818505571385,51.5161738073412,88.84,"A mendacium","2018","5"
"953",80.1436302430784,49.8125266118239,94.86,"A mendacium","2018","5"
"954",50.0310266238013,55.9180041914132,80.82,"A fictus","2018","5"
"955",52.0782580256717,42.2479046061227,65.38,"A fictus","2018","5"
"956",75.8827554597071,54.9719177479184,77.89,"A mendacium","2018","5"
"957",60.854078157177,49.9484427223687,101.64,"A fictus","2018","5"
"958",77.4078691075888,43.7704934480586,75.74,"A mendacium","2018","5"
"959",68.1625882790949,49.831234264606,46.1,"A mendacium","2018","5"
"960",59.7391770723305,46.7519466109277,77.18,"A fictus","2018","5"
"961",64.6617656922449,48.9127553600573,63.95,"A mendacium","2019","5"
"962",80.3167479757547,40.0997472515031,106.11,"A mendacium","2019","5"
"963",52.5584625968208,46.2783011857263,66.59,"A fictus","2019","5"
"964",63.5503712029456,53.8934282251147,79.67,"A fictus","2019","5"
"965",69.6287045436433,49.9683099022514,27.47,"A mendacium","2019","5"
"966",81.8359498400702,45.2677589968546,52.22,"A mendacium","2019","5"
"967",60.5559059999153,49.455111838276,51.55,"A fictus","2019","5"
"968",67.9339703856653,46.5619480018711,85.36,"A fictus","2019","5"
"969",75.2374327460933,43.2322057302449,55.79,"A mendacium","2019","5"
"970",67.745832810918,57.4599956097131,70.44,"A fictus","2019","5"
"971",64.2465232790335,51.751731876637,68.95,"A mendacium","2019","5"
"972",63.1050205563173,46.8465220896055,76.71,"A fictus","2019","5"
"973",63.1257747372462,50.2663058068604,35.5,"A fictus","2019","5"
"974",64.4749470894363,55.3949710710341,127.43,"A mendacium","2019","5"
"975",60.2311028882096,53.3035874716849,66.61,"A fictus","2019","5"
"976",71.9276640807485,47.9464663741198,91.16,"A mendacium","2019","5"
"977",59.6180299230752,55.010610111729,70.07,"A fictus","2019","5"
"978",49.0552561224991,47.385378967574,80.53,"A fictus","2019","5"
"979",70.9207538594941,48.2202135304717,55.33,"A mendacium","2019","5"
"980",67.9210540266418,51.1178248359994,101.65,"A fictus","2019","5"
"981",57.904372332615,51.5265839542915,79.04,"A fictus","2019","5"
"982",62.0444723021006,53.6278029316473,94.12,"A mendacium","2019","5"
"983",77.4210364473448,46.8033193514159,101.31,"A mendacium","2019","5"
"984",59.3780989808991,44.7308769667165,72.87,"A fictus","2019","5"
"985",62.1548660310653,58.0054737809538,72.32,"A fictus","2020","5"
"986",62.0394634033372,48.0414969114636,121.51,"A fictus","2020","5"
"987",53.2899653677357,51.4906012748682,65.89,"A fictus","2020","5"
"988",65.068990365169,52.141152935416,97.22,"A mendacium","2020","5"
"989",73.7241420960759,51.8172905434623,47.51,"A mendacium","2020","5"
"990",64.8037594888999,53.2820430988182,54.7,"A mendacium","2020","5"
"991",54.1936607518392,55.0637669271816,50.15,"A fictus","2020","5"
"992",62.3025611817506,49.7181740692719,81.15,"A mendacium","2020","5"
"993",54.6133667555239,54.8086728318678,51.68,"A fictus","2020","5"
"994",56.9285591284628,49.9273321726959,92.25,"A fictus","2020","5"
"995",59.352042403518,50.4760827542663,68.49,"A fictus","2020","5"
"996",54.8152081450883,49.8459668556324,107.91,"A fictus","2020","5"
"997",85.4245488740924,45.3814369793783,90.84,"A mendacium","2020","5"
"998",57.1473125413888,50.9908927383136,66.8,"A fictus","2020","5"
